[{"model": "sessions.session", "pk": "b73muozfo0raeveby8azidzusqo29104", "fields": {"session_data": "eyJuZXh0IjoiLyIsInZrLW9hdXRoMl9zdGF0ZSI6IkV3ZEJNMWREV1pQYkZabWZ3eUFKSVVTYzRJZmNoVHhwIn0:1mlWPs:mp3xZZw9BiOLO5LRQsSFlgJE-cT7KkjcykmOOFLeFc0", "expire_date": "2021-11-26T13:16:28.364Z"}}, {"model": "mainapp.productcategory", "pk": 2, "fields": {"name": "Одежда", "description": "Описание для класса одежда", "is_active": true, "discount": 0}}, {"model": "mainapp.productcategory", "pk": 3, "fields": {"name": "Новинки", "description": "", "is_active": true, "discount": 0}}, {"model": "mainapp.productcategory", "pk": 6, "fields": {"name": "Аксессуары", "description": "Разные дополнения", "is_active": true, "discount": 0}}, {"model": "mainapp.productcategory", "pk": 7, "fields": {"name": "Подарки", "description": "", "is_active": true, "discount": 0}}, {"model": "mainapp.productcategory", "pk": 8, "fields": {"name": "Обувь", "description": "", "is_active": true, "discount": 0}}, {"model": "mainapp.product", "pk": 1, "fields": {"name": "Черный рюкзак Nike Heritage", "image": "product_images/Black-Nike-Heritage-backpack.png", "description": "Плотная ткань. Легкий материал.", "price": "2340.00", "quantity": 5, "category": 2, "is_active": true}}, {"model": "mainapp.product", "pk": 2, "fields": {"name": "Черные туфли на платформе с 3 парами люверсов Dr Martens 1461 Bex", "image": "product_images/Black-Dr-Martens-shoes.png", "description": "Гладкий кожаный верх. Натуральный материал.", "price": "13590.00", "quantity": 5, "category": 8, "is_active": true}}, {"model": "mainapp.product", "pk": 3, "fields": {"name": "Темно-синие широкие строгие брюки ASOS DESIGN", "image": "product_images/Dark-blue-wide-leg-ASOs-DESIGN-trousers.png", "description": "Легкая эластичная ткань сирсакер Фактурная ткань.", "price": "2890.00", "quantity": 9, "category": 3, "is_active": true}}, {"model": "mainapp.product", "pk": 4, "fields": {"name": "Худи черного цвета с монограммами adidas Originals", "image": "product_images/Adidas-hoodie.png", "description": "Мягкая ткань для свитшотов. Стиль и комфорт – это образ жизни.", "price": "6090.00", "quantity": 6, "category": 6, "is_active": true}}, {"model": "mainapp.product", "pk": 5, "fields": {"name": "Синяя куртка The North Face", "image": "product_images/Blue-jacket-The-North-Face.png", "description": "Гладкая ткань. Водонепроницаемое покрытие. Легкий и теплый пуховый наполнитель.", "price": "23725.00", "quantity": 10, "category": 7, "is_active": true}}, {"model": "mainapp.product", "pk": 6, "fields": {"name": "Коричневый спортивный oversized-топ ASOS DESIGN", "image": "product_images/Brown-sports-oversized-top-ASOS-DESIGN.png", "description": "Материал с плюшевой текстурой. Удобный и мягкий.", "price": "3390.00", "quantity": 16, "category": 8, "is_active": true}}, {"model": "users.user", "pk": 1, "fields": {"password": "pbkdf2_sha256$260000$O9slxqGs6uLBZLkadOkA4c$bZgeU7SgdiJTPyZwZKSoSU2iM4HmycEbneZAhQOc6VY=", "last_login": "2021-11-12T16:11:49.979Z", "is_superuser": true, "username": "poker4grig", "first_name": "", "last_name": "", "email": "poker4grig@mail.ru", "is_staff": true, "is_active": true, "date_joined": "2021-11-10T11:34:35.221Z", "image": "", "age": 18, "activation_key": null, "activation_key_created": "2021-11-10T11:34:35.394Z", "groups": [], "user_permissions": []}}, {"model": "users.user", "pk": 2, "fields": {"password": "pbkdf2_sha256$260000$QUJMvoPTuXVJyGNNKYCKEr$U+CdX8m+tKZcnBwYu3Z01WGXJ0fpIK7ee3BWF8gSjug=", "last_login": null, "is_superuser": false, "username": "q", "first_name": "q", "last_name": "q", "email": "q@mail.ru", "is_staff": false, "is_active": false, "date_joined": "2021-11-11T13:39:33.805Z", "image": "", "age": 18, "activation_key": "7a593a852c3b4e60cfd35c2893ea79265bd83829", "activation_key_created": "2021-11-11T13:39:33.998Z", "groups": [], "user_permissions": []}}, {"model": "users.user", "pk": 3, "fields": {"password": "pbkdf2_sha256$260000$MYpLrkGvhuVxfcs7Jm2E7G$s2W9fbFKnSWRJyBuecUhDc1wVXRHrAD0zzLWra3Ok1w=", "last_login": null, "is_superuser": false, "username": "w", "first_name": "w", "last_name": "w", "email": "w@mail.ru", "is_staff": false, "is_active": false, "date_joined": "2021-11-11T13:43:37.293Z", "image": "", "age": 18, "activation_key": "fb853667d04020219624b882a2d5ba02c5404b7c", "activation_key_created": "2021-11-11T13:43:37.494Z", "groups": [], "user_permissions": []}}, {"model": "users.user", "pk": 4, "fields": {"password": "pbkdf2_sha256$260000$XCBwjuKnAaYZ2OKrhiN6Jh$l/cM5NE9kfANOkD4Od9rndhG1+RJZnBqIcrSpMTJiqI=", "last_login": null, "is_superuser": false, "username": "z", "first_name": "z", "last_name": "z", "email": "z@mail.ru", "is_staff": false, "is_active": false, "date_joined": "2021-11-11T13:50:01.950Z", "image": "", "age": 18, "activation_key": "85e3e7e42106878e76907515ae1c84fc5d8c4461", "activation_key_created": "2021-11-11T13:50:02.167Z", "groups": [], "user_permissions": []}}, {"model": "users.user", "pk": 6, "fields": {"password": "pbkdf2_sha256$260000$yNQhLT5yHPOi0FOJrGqJdq$tg4wxrw4UazWGW00agXT63O6yoWGsRzcND+/xZWarXk=", "last_login": null, "is_superuser": false, "username": "s", "first_name": "s", "last_name": "s", "email": "s@mail.ru", "is_staff": false, "is_active": false, "date_joined": "2021-11-11T14:27:22.214Z", "image": "", "age": 18, "activation_key": "88f8618057c8cb2a82139a436e9fa5a79c375ea9", "activation_key_created": "2021-11-11T14:27:49.473Z", "groups": [], "user_permissions": []}}, {"model": "users.user", "pk": 7, "fields": {"password": "pbkdf2_sha256$260000$3BZhbeYkP1dA7lpRr2gyKf$pQJMa6yLLOS+tp74keVrtdUUoWCsmYL1R0gIcjjKTFM=", "last_login": null, "is_superuser": false, "username": "e", "first_name": "e", "last_name": "e", "email": "e@mail.ru", "is_staff": false, "is_active": false, "date_joined": "2021-11-11T14:39:58.547Z", "image": "", "age": 18, "activation_key": "02511c7bdbca49337a171e81faf981901b2f1a3b", "activation_key_created": "2021-11-11T14:39:58.747Z", "groups": [], "user_permissions": []}}, {"model": "users.user", "pk": 8, "fields": {"password": "pbkdf2_sha256$260000$oFTeIkUlJScLwuyRFhwumw$xQAnQNaRHWwbxiDoULSGwuRBat+BgL3Yercvd5N4MF0=", "last_login": null, "is_superuser": false, "username": "r", "first_name": "r", "last_name": "r", "email": "r@mail.ru", "is_staff": false, "is_active": false, "date_joined": "2021-11-11T14:45:44.791Z", "image": "", "age": 18, "activation_key": "7f8b412b575c46cbccc0c8aedfe2711d20ed225f", "activation_key_created": "2021-11-11T14:45:44.994Z", "groups": [], "user_permissions": []}}, {"model": "users.user", "pk": 9, "fields": {"password": "pbkdf2_sha256$260000$t65oks7hsf9mX1OVNicU4z$lW24v9oJuxBXSRL2vVYmyWIirAYTOWpAVzYf6PxxI+0=", "last_login": null, "is_superuser": false, "username": "u", "first_name": "u", "last_name": "u", "email": "u@mail.ru", "is_staff": false, "is_active": false, "date_joined": "2021-11-11T15:44:01.983Z", "image": "", "age": 18, "activation_key": "3ce7c8621088781a6cd2a9189acf0be1623e78f3", "activation_key_created": "2021-11-11T15:44:02.140Z", "groups": [], "user_permissions": []}}, {"model": "users.user", "pk": 25, "fields": {"password": "pbkdf2_sha256$260000$8gyJMcAv8BO36VfzCSjE6L$L112MxYocM27knTYIu1iknHjjeCOxRcadqW2UDF42VI=", "last_login": "2021-11-12T19:31:52.684Z", "is_superuser": false, "username": "sergey", "first_name": "sergey", "last_name": "sergey", "email": "poker4grig@yandex.ru", "is_staff": false, "is_active": true, "date_joined": "2021-11-12T13:15:38.852Z", "image": "", "age": 18, "activation_key": "", "activation_key_created": null, "groups": [], "user_permissions": []}}, {"model": "users.user", "pk": 26, "fields": {"password": "!lV9bqCDsx4Jb1aXY96O3aWNBh1hk8nRTuNWdtHDe", "last_login": "2021-11-12T19:31:33.970Z", "is_superuser": false, "username": "id496616900", "first_name": "Gregory", "last_name": "Newman", "email": "poker4grig@yandex.ru", "is_staff": false, "is_active": true, "date_joined": "2021-11-12T13:17:06.478Z", "image": "user_images/26.jpg", "age": 37, "activation_key": null, "activation_key_created": "2021-11-12T13:17:06.478Z", "groups": [], "user_permissions": []}}, {"model": "users.userprofile", "pk": 1, "fields": {"user": 1, "tagline": "", "about": null, "gender": ""}}, {"model": "users.userprofile", "pk": 2, "fields": {"user": 2, "tagline": "", "about": null, "gender": ""}}, {"model": "users.userprofile", "pk": 3, "fields": {"user": 3, "tagline": "", "about": null, "gender": ""}}, {"model": "users.userprofile", "pk": 4, "fields": {"user": 4, "tagline": "", "about": null, "gender": ""}}, {"model": "users.userprofile", "pk": 6, "fields": {"user": 6, "tagline": "", "about": null, "gender": ""}}, {"model": "users.userprofile", "pk": 7, "fields": {"user": 7, "tagline": "", "about": null, "gender": ""}}, {"model": "users.userprofile", "pk": 8, "fields": {"user": 8, "tagline": "", "about": null, "gender": ""}}, {"model": "users.userprofile", "pk": 9, "fields": {"user": 9, "tagline": "", "about": null, "gender": ""}}, {"model": "users.userprofile", "pk": 25, "fields": {"user": 25, "tagline": "", "about": null, "gender": ""}}, {"model": "users.userprofile", "pk": 26, "fields": {"user": 26, "tagline": "", "about": null, "gender": "M"}}, {"model": "social_django.usersocialauth", "pk": 6, "fields": {"user": 26, "provider": "vk-oauth2", "uid": "496616900", "extra_data": "{\"auth_time\": 1636745493, \"id\": 496616900, \"expires\": 86400, \"access_token\": \"ade210395e696dd94956b95f1a5ce68611f628c3ffd593c9df2f8244f69f1312fa363ef94a089d30589f8\", \"token_type\": null}", "created": "2021-11-12T13:17:06.694Z", "modified": "2021-11-12T19:31:33.954Z"}}, {"model": "ordersapp.order", "pk": 1, "fields": {"user": 1, "created": "2021-11-10T17:11:10.978Z", "update": "2021-11-10T17:11:11.099Z", "status": "FM", "is_active": true}}, {"model": "ordersapp.order", "pk": 2, "fields": {"user": 1, "created": "2021-11-10T17:11:19.034Z", "update": "2021-11-10T17:11:19.152Z", "status": "FM", "is_active": true}}, {"model": "ordersapp.order", "pk": 3, "fields": {"user": 26, "created": "2021-11-12T13:57:17.945Z", "update": "2021-11-12T13:57:31.974Z", "status": "STP", "is_active": true}}, {"model": "ordersapp.order", "pk": 4, "fields": {"user": 26, "created": "2021-11-12T13:58:01.735Z", "update": "2021-11-12T13:58:10.373Z", "status": "FM", "is_active": false}}, {"model": "ordersapp.orderitem", "pk": 1, "fields": {"order": 1, "product": 1, "quantity": 1}}, {"model": "ordersapp.orderitem", "pk": 2, "fields": {"order": 2, "product": 3, "quantity": 2}}, {"model": "ordersapp.orderitem", "pk": 3, "fields": {"order": 3, "product": 2, "quantity": 2}}, {"model": "ordersapp.orderitem", "pk": 4, "fields": {"order": 3, "product": 3, "quantity": 3}}, {"model": "ordersapp.orderitem", "pk": 5, "fields": {"order": 4, "product": 2, "quantity": 1}}, {"model": "ordersapp.orderitem", "pk": 6, "fields": {"order": 4, "product": 5, "quantity": 1}}]